{
  "eye": {
    "orientation": [
      -0.07272925972938538,
      0.21078301966190338,
      -0.03986505791544914,
      0.9740081429481506
    ],
    "magnitude": 0.5773502588272095,
    "position": [
      124.94883728027344,
      37.5118408203125,
      270.14947509765625
    ]
  },
  "radius": 150,
  "type": "PERSPECTIVE"
}